level 1,level 2,level 3,level 4,level 5,level 6,level 7,level 8,level 9,level 10,level 11
Observational astronomy,Astronomical instrumentation,Observatories,Solar observatories,,,,,,,
Observational astronomy,Astronomical instrumentation,Solar instruments,,,,,,,,
Observational astronomy,Astronomical instrumentation,Stellar tracking devices,Heliostats,,,,,,,
Observational astronomy,Astronomical instrumentation,Telescopes,Optical telescopes,Solar optical telescopes,,,,,,
Observational astronomy,Astronomical instrumentation,Telescopes,Radio telescopes,Solar radio telescopes,,,,,,
Observational astronomy,Astronomical instrumentation,Telescopes,Radio telescopes,,,,,,,
Observational astronomy,Astronomical instrumentation,Telescopes,Solar telescopes,Radioheliographs,,,,,,
Observational astronomy,Astronomical instrumentation,Telescopes,Solar telescopes,Solar optical telescopes,,,,,,
Observational astronomy,Astronomical instrumentation,Telescopes,Solar telescopes,Solar radio telescopes,,,,,,
Observational astronomy,Astronomical instrumentation,Telescopes,Solar telescopes,,,,,,,
Observational astronomy,Astronomical techniques,Optical observation,Center to limb observations,,,,,,,
Solar physics,CNO anomaly,,,,,,,,,
Solar physics,Helioseismology,Helioseismic pulsations,,,,,,,,
Solar physics,Helioseismology,Solar cycle,Active sun,,,,,,,
Solar physics,Helioseismology,Solar cycle,Quiet sun,,,,,,,
Solar physics,Helioseismology,Solar cycle,Solar dynamo,,,,,,,
Solar physics,Helioseismology,Solar cycle,Sunspot cycle,,,,,,,
Solar physics,Helioseismology,Solar cycle,,,,,,,,
Solar physics,Helioseismology,Solar magnetic fields,Solar dynamo,,,,,,,
Solar physics,Helioseismology,Solar magnetic fields,Solar magnetic bright points,,,,,,,
Solar physics,Helioseismology,Solar magnetic fields,Solar magnetic flux emergence,,,,,,,
Solar physics,Helioseismology,Solar magnetic fields,Solar magnetic reconnection,,,,,,,
Solar physics,Helioseismology,Solar magnetic fields,,,,,,,,
Solar physics,Helioseismology,,,,,,,,,
Solar physics,Solar abundances,,,,,,,,,
Solar physics,Solar activity,Solar active regions,Ephemeral active regions,,,,,,,
Solar physics,Solar activity,Solar active regions,Solar active region filaments,,,,,,,
Solar physics,Solar activity,Solar active regions,Solar active region magnetic fields,,,,,,,
Solar physics,Solar activity,Solar active regions,Solar active region velocity fields,,,,,,,
Solar physics,Solar activity,Solar active regions,Sunspots,Delta sunspots,,,,,,
Solar physics,Solar activity,Solar active regions,Sunspots,Ephemeral active regions,,,,,,
Solar physics,Solar activity,Solar active regions,Sunspots,Maunder minimum,,,,,,
Solar physics,Solar activity,Solar active regions,Sunspots,Sunspot flow,,,,,,
Solar physics,Solar activity,Solar active regions,Sunspots,Sunspot groups,Bipolar sunspot groups,,,,,
Solar physics,Solar activity,Solar active regions,Sunspots,Sunspot groups,,,,,,
Solar physics,Solar activity,Solar active regions,Sunspots,Sunspot number,,,,,,
Solar physics,Solar activity,Solar active regions,Sunspots,Wilson effect,,,,,,
Solar physics,Solar activity,Solar active regions,Sunspots,,,,,,,
Solar physics,Solar activity,Solar active regions,,,,,,,,
Solar physics,Solar activity,Solar filaments,Quiescent solar prominence,,,,,,,
Solar physics,Solar activity,Solar filaments,Solar active region filaments,,,,,,,
Solar physics,Solar activity,Solar filaments,Solar filament eruptions,,,,,,,
Solar physics,Solar activity,Solar filaments,,,,,,,,
Solar physics,Solar activity,Solar flares,Solar flare spectra,,,,,,,
Solar physics,Solar activity,Solar flares,Solar radio flares,,,,,,,
Solar physics,Solar activity,Solar flares,Solar white-light flares,,,,,,,
Solar physics,Solar activity,Solar flares,Solar x-ray flares,,,,,,,
Solar physics,Solar activity,Solar flares,,,,,,,,
Solar physics,Solar activity,Solar magnetic bright points,,,,,,,,
Solar physics,Solar activity,Solar prominences,Quiescent solar prominence,,,,,,,
Solar physics,Solar activity,Solar prominences,,,,,,,,
Solar physics,Solar activity,Solar storm,Solar coronal mass ejections,,,,,,,
Solar physics,Solar activity,Solar storm,Solar energetic particles,,,,,,,
Solar physics,Solar activity,Solar storm,Solar flares,Solar flare spectra,,,,,,
Solar physics,Solar activity,Solar storm,Solar flares,Solar radio flares,,,,,,
Solar physics,Solar activity,Solar storm,Solar flares,Solar white-light flares,,,,,,
Solar physics,Solar activity,Solar storm,Solar flares,Solar x-ray flares,,,,,,
Solar physics,Solar activity,Solar storm,Solar flares,,,,,,,
Solar physics,Solar activity,Solar storm,,,,,,,,
Solar physics,Solar activity,,,,,,,,,
Solar physics,Solar atmosphere,Limb brightening,,,,,,,,
Solar physics,Solar atmosphere,Limb darkening,,,,,,,,
Solar physics,Solar atmosphere,Solar chromosphere,Active solar chromosphere,,,,,,,
Solar physics,Solar atmosphere,Solar chromosphere,Alfven waves,,,,,,,
Solar physics,Solar atmosphere,Solar chromosphere,Ellerman Bombs,,,,,,,
Solar physics,Solar atmosphere,Solar chromosphere,Plages,,,,,,,
Solar physics,Solar atmosphere,Solar chromosphere,Quiet solar chromosphere,,,,,,,
Solar physics,Solar atmosphere,Solar chromosphere,Solar chromospheric heating,,,,,,,
Solar physics,Solar atmosphere,Solar chromosphere,Solar spicules,Solar fibrils,,,,,,
Solar physics,Solar atmosphere,Solar chromosphere,Solar spicules,Solar macrospicules,,,,,,
Solar physics,Solar atmosphere,Solar chromosphere,Solar spicules,Solar mottles,,,,,,
Solar physics,Solar atmosphere,Solar chromosphere,Solar spicules,,,,,,,
Solar physics,Solar atmosphere,Solar chromosphere,Solar transition region,,,,,,,
Solar physics,Solar atmosphere,Solar chromosphere,,,,,,,,
Solar physics,Solar atmosphere,Solar corona,Active solar corona,,,,,,,
Solar physics,Solar atmosphere,Solar corona,Quiet solar corona,,,,,,,
Solar physics,Solar atmosphere,Solar corona,Solar coronal heating,,,,,,,
Solar physics,Solar atmosphere,Solar corona,Solar coronal holes,,,,,,,
Solar physics,Solar atmosphere,Solar corona,Solar coronal lines,,,,,,,
Solar physics,Solar atmosphere,Solar corona,Solar coronal loops,,,,,,,
Solar physics,Solar atmosphere,Solar corona,Solar coronal plumes,,,,,,,
Solar physics,Solar atmosphere,Solar corona,Solar coronal radio emission,,,,,,,
Solar physics,Solar atmosphere,Solar corona,Solar coronal seismology,,,,,,,
Solar physics,Solar atmosphere,Solar corona,Solar coronal streamers,,,,,,,
Solar physics,Solar atmosphere,Solar corona,Solar coronal transients,,,,,,,
Solar physics,Solar atmosphere,Solar corona,Solar coronal waves,,,,,,,
Solar physics,Solar atmosphere,Solar corona,Solar E corona,,,,,,,
Solar physics,Solar atmosphere,Solar corona,Solar F corona,,,,,,,
Solar physics,Solar atmosphere,Solar corona,Solar K corona,,,,,,,
Solar physics,Solar atmosphere,Solar corona,Solar transition region,,,,,,,
Solar physics,Solar atmosphere,Solar corona,,,,,,,,
Solar physics,Solar atmosphere,Solar photosphere,Solar granules,,,,,,,
Solar physics,Solar atmosphere,Solar photosphere,,,,,,,,
Solar physics,Solar atmosphere,,,,,,,,,
Solar physics,Solar electromagnetic emission,Solar extreme ultraviolet emission,,,,,,,,
Solar physics,Solar electromagnetic emission,Solar gamma-ray emission,,,,,,,,
Solar physics,Solar electromagnetic emission,Solar radio emission,,,,,,,,
Solar physics,Solar electromagnetic emission,Solar ultraviolet emission,,,,,,,,
Solar physics,Solar electromagnetic emission,Solar x-ray emission,,,,,,,,
Solar physics,Solar electromagnetic emission,,,,,,,,,
Solar physics,Solar evolution,Solar nebulae,,,,,,,,
Solar physics,Solar evolution,,,,,,,,,
Solar physics,Solar faculae,,,,,,,,,
Solar physics,Solar flares,Solar flare spectra,,,,,,,,
Solar physics,Solar flares,Solar radio flares,,,,,,,,
Solar physics,Solar flares,Solar white-light flares,,,,,,,,
Solar physics,Solar flares,Solar x-ray flares,,,,,,,,
Solar physics,Solar flares,,,,,,,,,
Solar physics,Solar granulation,Mesogranulation,,,,,,,,
Solar physics,Solar granulation,Supergranulation,,,,,,,,
Solar physics,Solar granulation,,,,,,,,,
Solar physics,Solar interior,Helioseismic pulsations,,,,,,,,
Solar physics,Solar interior,Solar convective zone,,,,,,,,
Solar physics,Solar interior,Solar core,,,,,,,,
Solar physics,Solar interior,Solar differential rotation,,,,,,,,
Solar physics,Solar interior,Solar meridional circulation,,,,,,,,
Solar physics,Solar interior,Solar radiative zone,,,,,,,,
Solar physics,Solar interior,,,,,,,,,
Solar physics,Solar magnetic fields,Solar dynamo,,,,,,,,
Solar physics,Solar magnetic fields,Solar magnetic bright points,,,,,,,,
Solar physics,Solar magnetic fields,Solar magnetic flux emergence,,,,,,,,
Solar physics,Solar magnetic fields,Solar magnetic reconnection,,,,,,,,
Solar physics,Solar magnetic fields,,,,,,,,,
Solar physics,Solar mass,,,,,,,,,
Solar physics,Solar motion,Antapex,,,,,,,,
Solar physics,Solar motion,Apex,,,,,,,,
Solar physics,Solar motion,Solar atmospheric motions,,,,,,,,
Solar physics,Solar motion,,,,,,,,,
Solar physics,Solar oscillations,Helioseismic pulsations,,,,,,,,
Solar physics,Solar oscillations,,,,,,,,,
Solar physics,Solar particle emission,Solar coronal mass ejection shocks,,,,,,,,
Solar physics,Solar particle emission,Solar energetic particles,,,,,,,,
Solar physics,Solar particle emission,Solar neutrons,,,,,,,,
Solar physics,Solar particle emission,,,,,,,,,
Solar physics,Solar radiation,,,,,,,,,
Solar physics,Solar radius,,,,,,,,,
Solar physics,Solar rotation,Solar differential rotation,,,,,,,,
Solar physics,Solar rotation,,,,,,,,,
Solar physics,Solar spectral irradiance,,,,,,,,,
Solar physics,Solar surface,,,,,,,,,
Solar physics,Solar wind,Fast solar wind,,,,,,,,
Solar physics,Solar wind,Heliopause,,,,,,,,
Solar physics,Solar wind,Slow solar wind,,,,,,,,
Solar physics,Solar wind,,,,,,,,,
Solar physics,Sunspots,Delta sunspots,,,,,,,,
Solar physics,Sunspots,Ephemeral active regions,,,,,,,,
Solar physics,Sunspots,Maunder minimum,,,,,,,,
Solar physics,Sunspots,Sunspot flow,,,,,,,,
Solar physics,Sunspots,Sunspot groups,Bipolar sunspot groups,,,,,,,
Solar physics,Sunspots,Sunspot groups,,,,,,,,
Solar physics,Sunspots,Sunspot number,,,,,,,,
Solar physics,Sunspots,Wilson effect,,,,,,,,
Solar physics,Sunspots,,,,,,,,,
Solar physics,,,,,,,,,,
Solar system astronomy,Earth-moon system,,,,,,,,,
Solar system astronomy,Lunar science,Lunar atmosphere,,,,,,,,
Solar system astronomy,Lunar science,Lunar evolution,,,,,,,,
Solar system astronomy,Lunar science,Lunar origin,,,,,,,,
Solar system astronomy,Lunar science,Lunar phase,,,,,,,,
Solar system astronomy,Lunar science,Lunar theory,Annual equation,,,,,,,
Solar system astronomy,Lunar science,Lunar theory,Anomalistic month,,,,,,,
Solar system astronomy,Lunar science,Lunar theory,Lunar node regression,,,,,,,
Solar system astronomy,Lunar science,Lunar theory,,,,,,,,
Solar system astronomy,Lunar science,Selenology,Lunar features,Lunar craters,,,,,,
Solar system astronomy,Lunar science,Selenology,Lunar features,Lunar domes,,,,,,
Solar system astronomy,Lunar science,Selenology,Lunar features,Lunar highlands,,,,,,
Solar system astronomy,Lunar science,Selenology,Lunar features,Lunar maria,,,,,,
Solar system astronomy,Lunar science,Selenology,Lunar features,Lunar mountains,,,,,,
Solar system astronomy,Lunar science,Selenology,Lunar features,Lunar rays,,,,,,
Solar system astronomy,Lunar science,Selenology,Lunar features,Lunar rilles,,,,,,
Solar system astronomy,Lunar science,Selenology,Lunar features,Lunar transient phenomena,,,,,,
Solar system astronomy,Lunar science,Selenology,Lunar features,,,,,,,
Solar system astronomy,Lunar science,Selenology,Lunar geodesy,,,,,,,
Solar system astronomy,Lunar science,Selenology,Lunar gravitational field,,,,,,,
Solar system astronomy,Lunar science,Selenology,Lunar interior,Lunar composition,,,,,,
Solar system astronomy,Lunar science,Selenology,Lunar interior,Lunar seismology,,,,,,
Solar system astronomy,Lunar science,Selenology,Lunar interior,,,,,,,
Solar system astronomy,Lunar science,Selenology,Lunar magnetic fields,,,,,,,
Solar system astronomy,Lunar science,Selenology,Lunar surface,Lunar geochronology,,,,,,
Solar system astronomy,Lunar science,Selenology,Lunar surface,Lunar impacts,,,,,,
Solar system astronomy,Lunar science,Selenology,Lunar surface,Lunar mineralogy,,,,,,
Solar system astronomy,Lunar science,Selenology,Lunar surface,Lunar petrology,,,,,,
Solar system astronomy,Lunar science,Selenology,Lunar surface,,,,,,,
Solar system astronomy,Lunar science,Selenology,,,,,,,,
Solar system astronomy,Lunar science,,,,,,,,,
Solar system astronomy,Planetary science,Asteroid dynamics,Asteroid rotation,,,,,,,
Solar system astronomy,Planetary science,Asteroid dynamics,,,,,,,,
Solar system astronomy,Planetary science,Atmospheric science,Aeronomy,,,,,,,
Solar system astronomy,Planetary science,Atmospheric science,Atmospheric effects,Seasonal phenomena,,,,,,
Solar system astronomy,Planetary science,Atmospheric science,Atmospheric effects,Sky brightness,Night sky brightness,Gegenschein,,,,
Solar system astronomy,Planetary science,Atmospheric science,Atmospheric effects,Sky brightness,Night sky brightness,,,,,
Solar system astronomy,Planetary science,Atmospheric science,Atmospheric effects,Sky brightness,Twilight,,,,,
Solar system astronomy,Planetary science,Atmospheric science,Atmospheric effects,Sky brightness,,,,,,
Solar system astronomy,Planetary science,Atmospheric science,Atmospheric effects,,,,,,,
Solar system astronomy,Planetary science,Atmospheric science,,,,,,,,
Solar system astronomy,Planetary science,Comet dynamics,,,,,,,,
Solar system astronomy,Planetary science,Comet origins,,,,,,,,
Solar system astronomy,Planetary science,Impact phenomena,,,,,,,,
Solar system astronomy,Planetary science,Interplanetary magnetic fields,,,,,,,,
Solar system astronomy,Planetary science,Interplanetary physics,Corotating streams,,,,,,,
Solar system astronomy,Planetary science,Interplanetary physics,Interplanetary discontinuities,,,,,,,
Solar system astronomy,Planetary science,Interplanetary physics,Interplanetary particle acceleration,,,,,,,
Solar system astronomy,Planetary science,Interplanetary physics,Interplanetary shocks,,,,,,,
Solar system astronomy,Planetary science,Interplanetary physics,Interplanetary turbulence,,,,,,,
Solar system astronomy,Planetary science,Interplanetary physics,Pickup ions,,,,,,,
Solar system astronomy,Planetary science,Interplanetary physics,Planetary bow shocks,,,,,,,
Solar system astronomy,Planetary science,Interplanetary physics,Solar energetic particles,,,,,,,
Solar system astronomy,Planetary science,Interplanetary physics,Solar wind termination,,,,,,,
Solar system astronomy,Planetary science,Interplanetary physics,,,,,,,,
Solar system astronomy,Planetary science,Natural satellite atmospheres,,,,,,,,
Solar system astronomy,Planetary science,Natural satellite dynamics,,,,,,,,
Solar system astronomy,Planetary science,Natural satellite formation,,,,,,,,
Solar system astronomy,Planetary science,Natural satellite surfaces,,,,,,,,
Solar system astronomy,Planetary science,Planetary alignment,,,,,,,,
Solar system astronomy,Planetary science,Planetary atmospheres,Atmospheric clouds,Earth's clouds,,,,,,
Solar system astronomy,Planetary science,Planetary atmospheres,Atmospheric clouds,,,,,,,
Solar system astronomy,Planetary science,Planetary atmospheres,Atmospheric composition,,,,,,,
Solar system astronomy,Planetary science,Planetary atmospheres,Atmospheric tides,,,,,,,
Solar system astronomy,Planetary science,Planetary atmospheres,Atmospheric variability,,,,,,,
Solar system astronomy,Planetary science,Planetary atmospheres,Earth atmosphere,Atmospheric circulation,,,,,,
Solar system astronomy,Planetary science,Planetary atmospheres,Earth atmosphere,Atmospheric tides,,,,,,
Solar system astronomy,Planetary science,Planetary atmospheres,Earth atmosphere,Diffuse radiation,,,,,,
Solar system astronomy,Planetary science,Planetary atmospheres,Earth atmosphere,Earth ionosphere,D layer,,,,,
Solar system astronomy,Planetary science,Planetary atmospheres,Earth atmosphere,Earth ionosphere,E layer,,,,,
Solar system astronomy,Planetary science,Planetary atmospheres,Earth atmosphere,Earth ionosphere,F layer,,,,,
Solar system astronomy,Planetary science,Planetary atmospheres,Earth atmosphere,Earth ionosphere,,,,,,
Solar system astronomy,Planetary science,Planetary atmospheres,Earth atmosphere,Earth's clouds,,,,,,
Solar system astronomy,Planetary science,Planetary atmospheres,Earth atmosphere,Exosphere,Geocorona,,,,,
Solar system astronomy,Planetary science,Planetary atmospheres,Earth atmosphere,Exosphere,,,,,,
Solar system astronomy,Planetary science,Planetary atmospheres,Earth atmosphere,Greenhouse gases,Carbon dioxide,,,,,
Solar system astronomy,Planetary science,Planetary atmospheres,Earth atmosphere,Greenhouse gases,Chlorofluorocarbons,,,,,
Solar system astronomy,Planetary science,Planetary atmospheres,Earth atmosphere,Greenhouse gases,Methane,,,,,
Solar system astronomy,Planetary science,Planetary atmospheres,Earth atmosphere,Greenhouse gases,Nitrous oxide,,,,,
Solar system astronomy,Planetary science,Planetary atmospheres,Earth atmosphere,Greenhouse gases,Water vapor,,,,,
Solar system astronomy,Planetary science,Planetary atmospheres,Earth atmosphere,Greenhouse gases,,,,,,
Solar system astronomy,Planetary science,Planetary atmospheres,Earth atmosphere,Humidity,,,,,,
Solar system astronomy,Planetary science,Planetary atmospheres,Earth atmosphere,Land-atmosphere interactions,,,,,,
Solar system astronomy,Planetary science,Planetary atmospheres,Earth atmosphere,Mesopause,,,,,,
Solar system astronomy,Planetary science,Planetary atmospheres,Earth atmosphere,Mesosphere,,,,,,
Solar system astronomy,Planetary science,Planetary atmospheres,Earth atmosphere,Ocean-atmosphere interactions,,,,,,
Solar system astronomy,Planetary science,Planetary atmospheres,Earth atmosphere,Ozone layer,,,,,,
Solar system astronomy,Planetary science,Planetary atmospheres,Earth atmosphere,Stratopause,,,,,,
Solar system astronomy,Planetary science,Planetary atmospheres,Earth atmosphere,Stratosphere,,,,,,
Solar system astronomy,Planetary science,Planetary atmospheres,Earth atmosphere,Thermosphere,,,,,,
Solar system astronomy,Planetary science,Planetary atmospheres,Earth atmosphere,Tropopause,,,,,,
Solar system astronomy,Planetary science,Planetary atmospheres,Earth atmosphere,Troposphere,,,,,,
Solar system astronomy,Planetary science,Planetary atmospheres,Earth atmosphere,,,,,,,
Solar system astronomy,Planetary science,Planetary atmospheres,Lightning,,,,,,,
Solar system astronomy,Planetary science,Planetary atmospheres,Planetary boundary layers,,,,,,,
Solar system astronomy,Planetary science,Planetary atmospheres,Planetary ionospheres,,,,,,,
Solar system astronomy,Planetary science,Planetary atmospheres,Scale height,,,,,,,
Solar system astronomy,Planetary science,Planetary atmospheres,Upper atmosphere,,,,,,,
Solar system astronomy,Planetary science,Planetary atmospheres,Water vapor,,,,,,,
Solar system astronomy,Planetary science,Planetary atmospheres,,,,,,,,
Solar system astronomy,Planetary science,Planetary climates,,,,,,,,
Solar system astronomy,Planetary science,Planetary dynamics,Tectonics,Plate tectonics,,,,,,
Solar system astronomy,Planetary science,Planetary dynamics,Tectonics,,,,,,,
Solar system astronomy,Planetary science,Planetary dynamics,Volcanism,,,,,,,
Solar system astronomy,Planetary science,Planetary dynamics,,,,,,,,
Solar system astronomy,Planetary science,Planetary magnetospheres,Aurorae,,,,,,,
Solar system astronomy,Planetary science,Planetary magnetospheres,Magnetospheric radio emissions,,,,,,,
Solar system astronomy,Planetary science,Planetary magnetospheres,Plasmapause,,,,,,,
Solar system astronomy,Planetary science,Planetary magnetospheres,Van Allen radiation belts,,,,,,,
Solar system astronomy,Planetary science,Planetary magnetospheres,,,,,,,,
Solar system astronomy,Planetary science,Planetary migration,,,,,,,,
Solar system astronomy,Planetary science,Planetary structure,Hydrosphere,,,,,,,
Solar system astronomy,Planetary science,Planetary structure,Lithosphere,,,,,,,
Solar system astronomy,Planetary science,Planetary structure,Mantle,,,,,,,
Solar system astronomy,Planetary science,Planetary structure,Oblateness,,,,,,,
Solar system astronomy,Planetary science,Planetary structure,Planetary cores,,,,,,,
Solar system astronomy,Planetary science,Planetary structure,Planetary interior,,,,,,,
Solar system astronomy,Planetary science,Planetary structure,Planetary polar regions,,,,,,,
Solar system astronomy,Planetary science,Planetary structure,Planetary surfaces,Surface composition,,,,,,
Solar system astronomy,Planetary science,Planetary structure,Planetary surfaces,Surface ices,,,,,,
Solar system astronomy,Planetary science,Planetary structure,Planetary surfaces,Surface processes,,,,,,
Solar system astronomy,Planetary science,Planetary structure,Planetary surfaces,Surface variability,,,,,,
Solar system astronomy,Planetary science,Planetary structure,Planetary surfaces,,,,,,,
Solar system astronomy,Planetary science,Planetary structure,Polar caps,,,,,,,
Solar system astronomy,Planetary science,Planetary structure,Volcanoes,,,,,,,
Solar system astronomy,Planetary science,Planetary structure,,,,,,,,
Solar system astronomy,Planetary science,Planetary system formation,Planet formation,,,,,,,
Solar system astronomy,Planetary science,Planetary system formation,Protoplanetary disks,Planetesimals,,,,,,
Solar system astronomy,Planetary science,Planetary system formation,Protoplanetary disks,Proplyds,,,,,,
Solar system astronomy,Planetary science,Planetary system formation,Protoplanetary disks,,,,,,,
Solar system astronomy,Planetary science,Planetary system formation,Solar system formation,,,,,,,
Solar system astronomy,Planetary science,Planetary system formation,,,,,,,,
Solar system astronomy,Planetary science,Planetary theory,,,,,,,,
Solar system astronomy,Planetary science,Planetary-disk interactions,,,,,,,,
Solar system astronomy,Planetary science,Solar-planetary interactions,Solar-terrestrial interactions,,,,,,,
Solar system astronomy,Planetary science,Solar-planetary interactions,,,,,,,,
Solar system astronomy,Planetary science,Surface gravity,,,,,,,,
Solar system astronomy,Planetary science,,,,,,,,,
Solar system astronomy,Solar system,Asteroid belt,,,,,,,,
Solar system astronomy,Solar system,Dwarf planets,Ceres,,,,,,,
Solar system astronomy,Solar system,Dwarf planets,Pluto,,,,,,,
Solar system astronomy,Solar system,Dwarf planets,,,,,,,,
Solar system astronomy,Solar system,Heliosphere,Heliopause,,,,,,,
Solar system astronomy,Solar system,Heliosphere,Heliosheath,,,,,,,
Solar system astronomy,Solar system,Heliosphere,Stellar bow shocks,,,,,,,
Solar system astronomy,Solar system,Heliosphere,Termination shock,,,,,,,
Solar system astronomy,Solar system,Heliosphere,,,,,,,,
Solar system astronomy,Solar system,Interplanetary medium,Interplanetary dust,Meteoroid dust clouds,,,,,,
Solar system astronomy,Solar system,Interplanetary medium,Interplanetary dust,Zodiacal cloud,Zodiacal dust bands,,,,,
Solar system astronomy,Solar system,Interplanetary medium,Interplanetary dust,Zodiacal cloud,,,,,,
Solar system astronomy,Solar system,Interplanetary medium,Interplanetary dust,,,,,,,
Solar system astronomy,Solar system,Interplanetary medium,Interplanetary gas,,,,,,,
Solar system astronomy,Solar system,Interplanetary medium,Interplanetary grains,,,,,,,
Solar system astronomy,Solar system,Interplanetary medium,Protoplanetary disks,Planetesimals,,,,,,
Solar system astronomy,Solar system,Interplanetary medium,Protoplanetary disks,Proplyds,,,,,,
Solar system astronomy,Solar system,Interplanetary medium,Protoplanetary disks,,,,,,,
Solar system astronomy,Solar system,Interplanetary medium,,,,,,,,
Solar system astronomy,Solar system,Kuiper belt,Trans-Neptunian objects,Classical Kuiper belt objects,,,,,,
Solar system astronomy,Solar system,Kuiper belt,Trans-Neptunian objects,Detached objects,,,,,,
Solar system astronomy,Solar system,Kuiper belt,Trans-Neptunian objects,Neptune trojans,,,,,,
Solar system astronomy,Solar system,Kuiper belt,Trans-Neptunian objects,Plutoids,,,,,,
Solar system astronomy,Solar system,Kuiper belt,Trans-Neptunian objects,Resonant Kuiper belt objects,Plutinos,,,,,
Solar system astronomy,Solar system,Kuiper belt,Trans-Neptunian objects,Resonant Kuiper belt objects,Scattered disk objects,,,,,
Solar system astronomy,Solar system,Kuiper belt,Trans-Neptunian objects,Resonant Kuiper belt objects,Twotinos,,,,,
Solar system astronomy,Solar system,Kuiper belt,Trans-Neptunian objects,Resonant Kuiper belt objects,,,,,,
Solar system astronomy,Solar system,Kuiper belt,Trans-Neptunian objects,,,,,,,
Solar system astronomy,Solar system,Kuiper belt,,,,,,,,
Solar system astronomy,Solar system,Meteoroids,Meteorites,Achondrites,,,,,,
Solar system astronomy,Solar system,Meteoroids,Meteorites,Aerolites,,,,,,
Solar system astronomy,Solar system,Meteoroids,Meteorites,Ataxites,,,,,,
Solar system astronomy,Solar system,Meteoroids,Meteorites,Chondrites,Carbonaceous chondrites,,,,,
Solar system astronomy,Solar system,Meteoroids,Meteorites,Chondrites,Chondrules,,,,,
Solar system astronomy,Solar system,Meteoroids,Meteorites,Chondrites,,,,,,
Solar system astronomy,Solar system,Meteoroids,Meteorites,Iron meteorites,,,,,,
Solar system astronomy,Solar system,Meteoroids,Meteorites,Meteorite composition,,,,,,
Solar system astronomy,Solar system,Meteoroids,Meteorites,Micrometeorites,,,,,,
Solar system astronomy,Solar system,Meteoroids,Meteorites,Tektites,Australites,,,,,
Solar system astronomy,Solar system,Meteoroids,Meteorites,Tektites,Bediasites,,,,,
Solar system astronomy,Solar system,Meteoroids,Meteorites,Tektites,Indochinites,,,,,
Solar system astronomy,Solar system,Meteoroids,Meteorites,Tektites,Moldavites,,,,,
Solar system astronomy,Solar system,Meteoroids,Meteorites,Tektites,,,,,,
Solar system astronomy,Solar system,Meteoroids,Meteorites,,,,,,,
Solar system astronomy,Solar system,Meteoroids,Meteors,Fireballs,Bolides,,,,,
Solar system astronomy,Solar system,Meteoroids,Meteors,Fireballs,,,,,,
Solar system astronomy,Solar system,Meteoroids,Meteors,Meteor showers,Meteor radiants,,,,,
Solar system astronomy,Solar system,Meteoroids,Meteors,Meteor showers,Zenith hourly rate,,,,,
Solar system astronomy,Solar system,Meteoroids,Meteors,Meteor showers,,,,,,
Solar system astronomy,Solar system,Meteoroids,Meteors,Meteor streams,,,,,,
Solar system astronomy,Solar system,Meteoroids,Meteors,Meteor trails,,,,,,
Solar system astronomy,Solar system,Meteoroids,Meteors,,,,,,,
Solar system astronomy,Solar system,Meteoroids,Micrometeoroids,,,,,,,
Solar system astronomy,Solar system,Meteoroids,,,,,,,,
Solar system astronomy,Solar system,Natural satellites (Solar system),Asteroid satellites,,,,,,,
Solar system astronomy,Solar system,Natural satellites (Solar system),Irregular satellites,,,,,,,
Solar system astronomy,Solar system,Natural satellites (Solar system),Jovian satellites,Galilean satellites,Europa,,,,,
Solar system astronomy,Solar system,Natural satellites (Solar system),Jovian satellites,Galilean satellites,Ganymede,,,,,
Solar system astronomy,Solar system,Natural satellites (Solar system),Jovian satellites,Galilean satellites,Io,,,,,
Solar system astronomy,Solar system,Natural satellites (Solar system),Jovian satellites,Galilean satellites,,,,,,
Solar system astronomy,Solar system,Natural satellites (Solar system),Jovian satellites,,,,,,,
Solar system astronomy,Solar system,Natural satellites (Solar system),Martian satellites,,,,,,,
Solar system astronomy,Solar system,Natural satellites (Solar system),Neptunian satellites,Triton,,,,,,
Solar system astronomy,Solar system,Natural satellites (Solar system),Neptunian satellites,,,,,,,
Solar system astronomy,Solar system,Natural satellites (Solar system),Plutonian satellites,,,,,,,
Solar system astronomy,Solar system,Natural satellites (Solar system),Saturnian satellites,Titan,,,,,,
Solar system astronomy,Solar system,Natural satellites (Solar system),Saturnian satellites,,,,,,,
Solar system astronomy,Solar system,Natural satellites (Solar system),The Moon,,,,,,,
Solar system astronomy,Solar system,Natural satellites (Solar system),Uranian satellites,,,,,,,
Solar system astronomy,Solar system,Natural satellites (Solar system),,,,,,,,
Solar system astronomy,Solar system,Oort cloud,Oort cloud objects,,,,,,,
Solar system astronomy,Solar system,Oort cloud,,,,,,,,
Solar system astronomy,Solar system,Planetary rings,Ansae,,,,,,,
Solar system astronomy,Solar system,Planetary rings,Planetary ring divisions,,,,,,,
Solar system astronomy,Solar system,Planetary rings,Shepherd satellites,,,,,,,
Solar system astronomy,Solar system,Planetary rings,Spokes,,,,,,,
Solar system astronomy,Solar system,Planetary rings,,,,,,,,
Solar system astronomy,Solar system,Small Solar System bodies,Asteroids,Asteroid satellites,,,,,,
Solar system astronomy,Solar system,Small Solar System bodies,Asteroids,Asteroid surfaces,,,,,,
Solar system astronomy,Solar system,Small Solar System bodies,Asteroids,Centaur group,,,,,,
Solar system astronomy,Solar system,Small Solar System bodies,Asteroids,Hilda group,,,,,,
Solar system astronomy,Solar system,Small Solar System bodies,Asteroids,Hirayama families,,,,,,
Solar system astronomy,Solar system,Small Solar System bodies,Asteroids,Hungaria group,,,,,,
Solar system astronomy,Solar system,Small Solar System bodies,Asteroids,Main belt asteroids,Vesta,,,,,
Solar system astronomy,Solar system,Small Solar System bodies,Asteroids,Main belt asteroids,,,,,,
Solar system astronomy,Solar system,Small Solar System bodies,Asteroids,Trojan asteroids,Earth trojans,,,,,
Solar system astronomy,Solar system,Small Solar System bodies,Asteroids,Trojan asteroids,Jupiter trojans,,,,,
Solar system astronomy,Solar system,Small Solar System bodies,Asteroids,Trojan asteroids,Mars trojans,,,,,
Solar system astronomy,Solar system,Small Solar System bodies,Asteroids,Trojan asteroids,Neptune trojans,,,,,
Solar system astronomy,Solar system,Small Solar System bodies,Asteroids,Trojan asteroids,,,,,,
Solar system astronomy,Solar system,Small Solar System bodies,Asteroids,,,,,,,
Solar system astronomy,Solar system,Small Solar System bodies,Comets,Comae,Coma dust,,,,,
Solar system astronomy,Solar system,Small Solar System bodies,Comets,Comae,Ionized coma gases,,,,,
Solar system astronomy,Solar system,Small Solar System bodies,Comets,Comae,Neutral coma gases,,,,,
Solar system astronomy,Solar system,Small Solar System bodies,Comets,Comae,,,,,,
Solar system astronomy,Solar system,Small Solar System bodies,Comets,Comet Halley,,,,,,
Solar system astronomy,Solar system,Small Solar System bodies,Comets,Comet nuclei,Comet interiors,,,,,
Solar system astronomy,Solar system,Small Solar System bodies,Comets,Comet nuclei,Comet surfaces,,,,,
Solar system astronomy,Solar system,Small Solar System bodies,Comets,Comet nuclei,Comet volatiles ,,,,,
Solar system astronomy,Solar system,Small Solar System bodies,Comets,Comet nuclei,,,,,,
Solar system astronomy,Solar system,Small Solar System bodies,Comets,Comet tails,Comet tail streamers,,,,,
Solar system astronomy,Solar system,Small Solar System bodies,Comets,Comet tails,,,,,,
Solar system astronomy,Solar system,Small Solar System bodies,Comets,Dirty snowball model,,,,,,
Solar system astronomy,Solar system,Small Solar System bodies,Comets,Long period comets,Oort cloud,Oort cloud objects,,,,
Solar system astronomy,Solar system,Small Solar System bodies,Comets,Long period comets,Oort cloud,,,,,
Solar system astronomy,Solar system,Small Solar System bodies,Comets,Long period comets,,,,,,
Solar system astronomy,Solar system,Small Solar System bodies,Comets,Main-belt comets,,,,,,
Solar system astronomy,Solar system,Small Solar System bodies,Comets,Near-sun comets,Sundivers,,,,,
Solar system astronomy,Solar system,Small Solar System bodies,Comets,Near-sun comets,Sungrazers,Kreutz group,,,,
Solar system astronomy,Solar system,Small Solar System bodies,Comets,Near-sun comets,Sungrazers,,,,,
Solar system astronomy,Solar system,Small Solar System bodies,Comets,Near-sun comets,Sunskirters,Kracht group,,,,
Solar system astronomy,Solar system,Small Solar System bodies,Comets,Near-sun comets,Sunskirters,Marsden group,,,,
Solar system astronomy,Solar system,Small Solar System bodies,Comets,Near-sun comets,Sunskirters,Meyer group,,,,
Solar system astronomy,Solar system,Small Solar System bodies,Comets,Near-sun comets,Sunskirters,,,,,
Solar system astronomy,Solar system,Small Solar System bodies,Comets,Near-sun comets,,,,,,
Solar system astronomy,Solar system,Small Solar System bodies,Comets,Short period comets,,,,,,
Solar system astronomy,Solar system,Small Solar System bodies,Comets,,,,,,,
Solar system astronomy,Solar system,Small Solar System bodies,Interstellar objects,,,,,,,
Solar system astronomy,Solar system,Small Solar System bodies,Near-Earth objects,Amor group,Eros,,,,,
Solar system astronomy,Solar system,Small Solar System bodies,Near-Earth objects,Amor group,,,,,,
Solar system astronomy,Solar system,Small Solar System bodies,Near-Earth objects,Apollo group,,,,,,
Solar system astronomy,Solar system,Small Solar System bodies,Near-Earth objects,Aten group,,,,,,
Solar system astronomy,Solar system,Small Solar System bodies,Near-Earth objects,Atira group,,,,,,
Solar system astronomy,Solar system,Small Solar System bodies,Near-Earth objects,Earth trojans,,,,,,
Solar system astronomy,Solar system,Small Solar System bodies,Near-Earth objects,,,,,,,
Solar system astronomy,Solar system,Small Solar System bodies,Trans-Neptunian objects,Classical Kuiper belt objects,,,,,,
Solar system astronomy,Solar system,Small Solar System bodies,Trans-Neptunian objects,Detached objects,,,,,,
Solar system astronomy,Solar system,Small Solar System bodies,Trans-Neptunian objects,Neptune trojans,,,,,,
Solar system astronomy,Solar system,Small Solar System bodies,Trans-Neptunian objects,Plutoids,,,,,,
Solar system astronomy,Solar system,Small Solar System bodies,Trans-Neptunian objects,Resonant Kuiper belt objects,Plutinos,,,,,
Solar system astronomy,Solar system,Small Solar System bodies,Trans-Neptunian objects,Resonant Kuiper belt objects,Scattered disk objects,,,,,
Solar system astronomy,Solar system,Small Solar System bodies,Trans-Neptunian objects,Resonant Kuiper belt objects,Twotinos,,,,,
Solar system astronomy,Solar system,Small Solar System bodies,Trans-Neptunian objects,Resonant Kuiper belt objects,,,,,,
Solar system astronomy,Solar system,Small Solar System bodies,Trans-Neptunian objects,,,,,,,
Solar system astronomy,Solar system,Small Solar System bodies,,,,,,,,
Solar system astronomy,Solar system,Solar neighborhood,,,,,,,,
Solar system astronomy,Solar system,Solar system planets,Solar system gas giant planets,Jupiter,,,,,,
Solar system astronomy,Solar system,Solar system planets,Solar system gas giant planets,Neptune,,,,,,
Solar system astronomy,Solar system,Solar system planets,Solar system gas giant planets,Saturn,,,,,,
Solar system astronomy,Solar system,Solar system planets,Solar system gas giant planets,Uranus,,,,,,
Solar system astronomy,Solar system,Solar system planets,Solar system gas giant planets,,,,,,,
Solar system astronomy,Solar system,Solar system planets,Solar system terrestrial planets,Earth (planet),,,,,,
Solar system astronomy,Solar system,Solar system planets,Solar system terrestrial planets,Mars,,,,,,
Solar system astronomy,Solar system,Solar system planets,Solar system terrestrial planets,Mercury (planet),,,,,,
Solar system astronomy,Solar system,Solar system planets,Solar system terrestrial planets,Venus,,,,,,
Solar system astronomy,Solar system,Solar system planets,Solar system terrestrial planets,,,,,,,
Solar system astronomy,Solar system,Solar system planets,,,,,,,,
Solar system astronomy,Solar system,Space weather,,,,,,,,
Solar system astronomy,Solar system,The Moon,,,,,,,,
Solar system astronomy,Solar system,The Sun,,,,,,,,
Solar system astronomy,Solar system,,,,,,,,,
Solar system astronomy,,,,,,,,,,
